[{"id":"user-image-btswhite.jpeg","publicUrl":"np://user.desktop.nicepage.com/Site_79614960/images/btswhite.jpeg","size":4535,"fileName":"btswhite.jpeg","name":"btswhite","width":200,"height":200,"thumbnail":{"url":"np://user.desktop.nicepage.com/Site_79614960/images/thumbnails/btswhite.jpeg","width":200,"height":200,"length":4535}},{"id":"user-image-CP3LOGO.png","publicUrl":"np://user.desktop.nicepage.com/Site_79614960/images/CP3LOGO.png","size":370279,"fileName":"CP3LOGO.png","name":"CP3LOGO","width":1500,"height":844,"thumbnail":{"url":"np://user.desktop.nicepage.com/Site_79614960/images/thumbnails/CP3LOGO.png","width":250,"height":141}},{"id":"user-image-CRSmall.jpeg","publicUrl":"np://user.desktop.nicepage.com/Site_79614960/images/CRSmall.jpeg","size":1089054,"fileName":"CRSmall.jpeg","name":"CRSmall","width":1000,"height":1500,"thumbnail":{"url":"np://user.desktop.nicepage.com/Site_79614960/images/thumbnails/CRSmall.jpeg","width":167,"height":250}},{"id":"user-image-KINEXON_LOGO_BLACK_002.jpg","publicUrl":"np://user.desktop.nicepage.com/Site_79614960/images/KINEXON_LOGO_BLACK_002.jpg","size":91898,"fileName":"KINEXON_LOGO_BLACK_002.jpg","name":"KINEXON_LOGO_BLACK_002","width":1200,"height":627,"thumbnail":{"url":"np://user.desktop.nicepage.com/Site_79614960/images/thumbnails/KINEXON_LOGO_BLACK_002.jpg","width":250,"height":131}},{"id":"user-image-ScreenShot2022-10-09at7.52.18AM.png","publicUrl":"np://user.desktop.nicepage.com/Site_79614960/images/ScreenShot2022-10-09at7.52.18AM.png","size":22728,"fileName":"ScreenShot2022-10-09at7.52.18AM.png","name":"ScreenShot2022-10-09at7.52.18AM","width":686,"height":120,"thumbnail":{"url":"np://user.desktop.nicepage.com/Site_79614960/images/thumbnails/ScreenShot2022-10-09at7.52.18AM.png","width":250,"height":44}},{"id":"user-image-SuitUp.jpg","publicUrl":"np://user.desktop.nicepage.com/Site_79614960/images/SuitUp.jpg","size":11941,"fileName":"SuitUp.jpg","name":"SuitUp","width":208,"height":252,"thumbnail":{"url":"np://user.desktop.nicepage.com/Site_79614960/images/thumbnails/SuitUp.jpg","width":206,"height":250}},{"id":"user-image-aim.gif","publicUrl":"np://user.desktop.nicepage.com/Site_79614960/images/aim.gif","size":6627,"fileName":"aim.gif","name":"aim","width":260,"height":150,"thumbnail":{"url":"np://user.desktop.nicepage.com/Site_79614960/images/aim.gif","width":250,"height":144}},{"id":"user-image-bam.jpg","publicUrl":"np://user.desktop.nicepage.com/Site_79614960/images/bam.jpg","size":30207,"fileName":"bam.jpg","name":"bam","width":312,"height":104,"thumbnail":{"url":"np://user.desktop.nicepage.com/Site_79614960/images/thumbnails/bam.jpg","width":250,"height":83}},{"id":"user-image-BNP-Paribas-logo.jpg","publicUrl":"np://user.desktop.nicepage.com/Site_79614960/images/BNP-Paribas-logo.jpg","size":118154,"fileName":"BNP-Paribas-logo.jpg","name":"BNP-Paribas-logo","width":5000,"height":2500,"thumbnail":{"url":"np://user.desktop.nicepage.com/Site_79614960/images/thumbnails/BNP-Paribas-logo.jpg","width":250,"height":125}},{"id":"user-image-download.png","publicUrl":"np://user.desktop.nicepage.com/Site_79614960/images/download.png","size":5792,"fileName":"download.png","name":"download","width":600,"height":76,"thumbnail":{"url":"np://user.desktop.nicepage.com/Site_79614960/images/thumbnails/download.png","width":250,"height":32}},{"id":"user-image-image.png","publicUrl":"np://user.desktop.nicepage.com/Site_79614960/images/image.png","size":59739,"fileName":"image.png","name":"image","width":360,"height":322,"thumbnail":{"url":"np://user.desktop.nicepage.com/Site_79614960/images/thumbnails/image.png","width":250,"height":224}},{"id":"user-image-image1.png","publicUrl":"np://user.desktop.nicepage.com/Site_79614960/images/image1.png","size":64079,"fileName":"image1.png","name":"image1","width":288,"height":306,"thumbnail":{"url":"np://user.desktop.nicepage.com/Site_79614960/images/thumbnails/image1.png","width":235,"height":250}},{"id":"user-image-image2.png","publicUrl":"np://user.desktop.nicepage.com/Site_79614960/images/image2.png","size":85757,"fileName":"image2.png","name":"image2","width":312,"height":338,"thumbnail":{"url":"np://user.desktop.nicepage.com/Site_79614960/images/thumbnails/image2.png","width":231,"height":250}},{"id":"user-image-image3.png","publicUrl":"np://user.desktop.nicepage.com/Site_79614960/images/image3.png","size":125705,"fileName":"image3.png","name":"image3","width":370,"height":400,"thumbnail":{"url":"np://user.desktop.nicepage.com/Site_79614960/images/thumbnails/image3.png","width":231,"height":250}},{"id":"user-image-linkedinlogo.png","publicUrl":"np://user.desktop.nicepage.com/Site_79614960/images/linkedinlogo.png","size":16677,"fileName":"linkedinlogo.png","name":"linkedinlogo","width":1400,"height":350,"thumbnail":{"url":"np://user.desktop.nicepage.com/Site_79614960/images/thumbnails/linkedinlogo.png","width":250,"height":63}},{"id":"user-image-mizuho.png","publicUrl":"np://user.desktop.nicepage.com/Site_79614960/images/mizuho.png","size":32013,"fileName":"mizuho.png","name":"mizuho","width":3000,"height":2000,"thumbnail":{"url":"np://user.desktop.nicepage.com/Site_79614960/images/thumbnails/mizuho.png","width":250,"height":167}},{"id":"user-image-rspcttech.webp","publicUrl":"np://user.desktop.nicepage.com/Site_79614960/images/rspcttech.webp","size":1694,"fileName":"rspcttech.webp","name":"rspcttech","width":170,"height":170,"thumbnail":{"url":"np://user.desktop.nicepage.com/Site_79614960/images/rspcttech.webp","width":170,"height":170,"length":1694}},{"id":"user-image-image4.png","publicUrl":"np://user.desktop.nicepage.com/Site_79614960/images/image4.png","size":241914,"fileName":"image4.png","name":"image4","width":3840,"height":2160,"thumbnail":{"url":"np://user.desktop.nicepage.com/Site_79614960/images/thumbnails/image4.png","width":250,"height":141}},{"id":"user-image-308241187-0.jpeg","publicUrl":"np://user.desktop.nicepage.com/Site_79614960/images/308241187-0.jpeg","size":643895,"fileName":"308241187-0.jpeg","name":"308241187-0","width":1500,"height":1000,"thumbnail":{"url":"np://user.desktop.nicepage.com/Site_79614960/images/thumbnails/308241187-0.jpeg","width":250,"height":167}},{"id":"user-image-883a029524b911b4d99019b318e091a7ef78d3cead77e5bec14134764a4e55e960f07779af66678ac1c5124b6bb41b9978d9ce622eaf4aeb814801_1280.jpg","publicUrl":"np://user.desktop.nicepage.com/Site_79614960/images/883a029524b911b4d99019b318e091a7ef78d3cead77e5bec14134764a4e55e960f07779af66678ac1c5124b6bb41b9978d9ce622eaf4aeb814801_1280.jpg","size":368507,"fileName":"883a029524b911b4d99019b318e091a7ef78d3cead77e5bec14134764a4e55e960f07779af66678ac1c5124b6bb41b9978d9ce622eaf4aeb814801_1280.jpg","name":"883a029524b911b4d99019b318e091a7ef78d3cead77e5bec14134764a4e55e960f07779af66678ac1c5124b6bb41b9978d9ce622eaf4aeb814801_1280","width":1280,"height":853,"thumbnail":{"url":"np://user.desktop.nicepage.com/Site_79614960/images/thumbnails/883a029524b911b4d99019b318e091a7ef78d3cead77e5bec14134764a4e55e960f07779af66678ac1c5124b6bb41b9978d9ce622eaf4aeb814801_1280.jpg","width":250,"height":167}}]